


INSERT INTO cidade (id, nome, estado, version) VALUES (1, 'Recife', 'PE', 0);
INSERT INTO cidade (id, nome, estado, version) VALUES (2, 'Blumenau', 'SC', 0);


INSERT INTO raca (id, nome, version) VALUES (1, 'Poodle', 0);
INSERT INTO raca (id, nome, version) VALUES (2, 'Border Colie', 0);
INSERT INTO raca (id, nome, version) VALUES (3, 'Buldog Francês', 0);



INSERT INTO foto (id, url, descricao, version) VALUES (1, 'face_image_796754923771694.png', 'Foto do Perfil', 0);
INSERT INTO foto (id, url, descricao, version) VALUES (2, 'face_image_378031398988380.png', 'Foto do Perfil', 0);
INSERT INTO foto (id, url, descricao, version) VALUES (3, 'guarda 017.jpg', 'Foto do Perfil', 0);
INSERT INTO foto (id, url, descricao, version) VALUES (4, 'avatar.jpg', 'Foto do Perfil', 0);
INSERT INTO foto (id, url, descricao, version) VALUES (8, 'poodle.jpg', 'Foto do Perfil', 0);
INSERT INTO foto (id, url, descricao, version) VALUES (9, 'buldog.jpg', 'Foto do Perfil', 0);
INSERT INTO foto (id, url, descricao, version) VALUES (10, 'poodle3.jpg', 'Foto do Perfil', 0);
INSERT INTO foto (id, url, descricao, version) VALUES (11, 'gisele.JPG', 'Foto do Perfil', 0);
INSERT INTO foto (id, url, descricao, version) VALUES (12, 'download (1).jpg', 'Foto do Perfil', 0);
INSERT INTO foto (id, url, descricao, version) VALUES (13, 'buldog-frances-dados-interesse.jpg', 'Foto do Perfil', 0);
INSERT INTO foto (id, url, descricao, version) VALUES (16, 'claudio.jpg', 'Foto do Perfil', 0);
INSERT INTO foto (id, url, descricao, version) VALUES (17, 'bc3.jpg', 'Foto do Perfil', 0);
INSERT INTO foto (id, url, descricao, version) VALUES (18, 'ellen.jpg', 'Foto do Perfil', 0);
INSERT INTO foto (id, url, descricao, version) VALUES (19, 'bc8.JPG', 'Foto do Perfil', 0);
INSERT INTO foto (id, url, descricao, version) VALUES (20, 'ana.JPG', 'Foto do Perfil', 0);
INSERT INTO foto (id, url, descricao, version) VALUES (21, 'bc5.JPG', 'Foto do Perfil', 0);
INSERT INTO foto (id, url, descricao, version) VALUES (24, 'b3.jpg', 'Foto do Perfil', 0);
INSERT INTO foto (id, url, descricao, version) VALUES (25, 'avatar.jpg', 'Foto do Perfil', 0);
INSERT INTO foto (id, url, descricao, version) VALUES (26, '4r9lmo6qoiq0ei1g_100.jpg', 'Foto do Perfil', 0);
INSERT INTO foto (id, url, descricao, version) VALUES (27, 'bc10.JPG', '', 0);
INSERT INTO foto (id, url, descricao, version) VALUES (28, 'b1.jpg', '', 0);
INSERT INTO foto (id, url, descricao, version) VALUES (29, 'bc4.jpg', '', 0);
INSERT INTO foto (id, url, descricao, version) VALUES (30, 'alan.JPG', 'Foto do Perfil', 0);
INSERT INTO foto (id, url, descricao, version) VALUES (31, 'p6.jpg', 'Foto do Perfil', 0);
INSERT INTO foto (id, url, descricao, version) VALUES (32, 'p3.jpg', '', 0);
INSERT INTO foto (id, url, descricao, version) VALUES (33, 'bruna.JPG', 'Foto do Perfil', 0);
INSERT INTO foto (id, url, descricao, version) VALUES (34, 'p1.jpg', 'Foto do Perfil', 0);
INSERT INTO foto (id, url, descricao, version) VALUES (35, 'p2.jpg', '', 0);
INSERT INTO foto (id, url, descricao, version) VALUES (36, 'carla.JPG', 'Foto do Perfil', 0);
INSERT INTO foto (id, url, descricao, version) VALUES (37, 'p4.jpg', 'Foto do Perfil', 0);
INSERT INTO foto (id, url, descricao, version) VALUES (38, 'daniele.JPG', 'Foto do Perfil', 0);
INSERT INTO foto (id, url, descricao, version) VALUES (39, 'b7.JPG', 'Foto do Perfil', 0);
INSERT INTO foto (id, url, descricao, version) VALUES (40, 'b4.jpg', '', 0);
INSERT INTO foto (id, url, descricao, version) VALUES (41, 'bernardo.JPG', 'Foto do Perfil', 0);
INSERT INTO foto (id, url, descricao, version) VALUES (42, 'bernardo.JPG', 'Foto do Perfil', 0);
INSERT INTO foto (id, url, descricao, version) VALUES (43, 'p5.jpg', 'Foto do Perfil', 0);
INSERT INTO foto (id, url, descricao, version) VALUES (44, 'b8.JPG', 'Foto do Perfil', 0);
INSERT INTO foto (id, url, descricao, version) VALUES (45, 'denilson.JPG', 'Foto do Perfil', 0);
INSERT INTO foto (id, url, descricao, version) VALUES (46, 'bc7.JPG', 'Foto do Perfil', 0);
INSERT INTO foto (id, url, descricao, version) VALUES (47, 'elias.JPG', 'Foto do Perfil', 0);
INSERT INTO foto (id, url, descricao, version) VALUES (48, 'b11.jpg', 'Foto do Perfil', 0);
INSERT INTO foto (id, url, descricao, version) VALUES (49, 'b10.JPG', 'Foto do Perfil', 0);
INSERT INTO foto (id, url, descricao, version) VALUES (50, 'p5.jpg', 'Foto do Perfil', 0);
INSERT INTO foto (id, url, descricao, version) VALUES (51, 'fernando.JPG', 'Foto do Perfil', 0);
INSERT INTO foto (id, url, descricao, version) VALUES (52, 'fernanda.JPG', 'Foto do Perfil', 0);
INSERT INTO foto (id, url, descricao, version) VALUES (53, 'gustavo.JPG', 'Foto do Perfil', 0);
INSERT INTO foto (id, url, descricao, version) VALUES (54, 'gabriela.JPG', 'Foto do Perfil', 0);
INSERT INTO foto (id, url, descricao, version) VALUES (55, 'hugo.JPG', 'Foto do Perfil', 0);
INSERT INTO foto (id, url, descricao, version) VALUES (56, 'helena.JPG', 'Foto do Perfil', 0);
INSERT INTO foto (id, url, descricao, version) VALUES (57, 'p7.png', 'Foto do Perfil', 0);
INSERT INTO foto (id, url, descricao, version) VALUES (58, 'igor.JPG', 'Foto do Perfil', 0);
INSERT INTO foto (id, url, descricao, version) VALUES (59, 'p8.png', 'Foto do Perfil', 0);
INSERT INTO foto (id, url, descricao, version) VALUES (60, 'iara.JPG', 'Foto do Perfil', 0);
INSERT INTO foto (id, url, descricao, version) VALUES (61, 'joel.JPG', 'Foto do Perfil', 0);
INSERT INTO foto (id, url, descricao, version) VALUES (62, 'p9.png', 'Foto do Perfil', 0);
INSERT INTO foto (id, url, descricao, version) VALUES (63, 'joana.JPG', 'Foto do Perfil', 0);
INSERT INTO foto (id, url, descricao, version) VALUES (64, 'kevin.JPG', 'Foto do Perfil', 0);
INSERT INTO foto (id, url, descricao, version) VALUES (65, 'kely.JPG', 'Foto do Perfil', 0);
INSERT INTO foto (id, url, descricao, version) VALUES (66, 'p10.png', 'Foto do Perfil', 0);
INSERT INTO foto (id, url, descricao, version) VALUES (67, 'lucio.JPG', 'Foto do Perfil', 0);
INSERT INTO foto (id, url, descricao, version) VALUES (68, 'luana.JPG', 'Foto do Perfil', 0);
INSERT INTO foto (id, url, descricao, version) VALUES (69, 'p11.png', 'Foto do Perfil', 0);
INSERT INTO foto (id, url, descricao, version) VALUES (70, 'mario.JPG', 'Foto do Perfil', 0);
INSERT INTO foto (id, url, descricao, version) VALUES (71, 'maria.JPG', 'Foto do Perfil', 0);
INSERT INTO foto (id, url, descricao, version) VALUES (72, 'nicolas.JPG', 'Foto do Perfil', 0);
INSERT INTO foto (id, url, descricao, version) VALUES (73, 'p12.png', 'Foto do Perfil', 0);
INSERT INTO foto (id, url, descricao, version) VALUES (74, 'natalia.JPG', 'Foto do Perfil', 0);
INSERT INTO foto (id, url, descricao, version) VALUES (75, 'otavio.JPG', 'Foto do Perfil', 0);
INSERT INTO foto (id, url, descricao, version) VALUES (76, 'p13.png', 'Foto do Perfil', 0);
INSERT INTO foto (id, url, descricao, version) VALUES (77, 'olivia.JPG', 'Foto do Perfil', 0);
INSERT INTO foto (id, url, descricao, version) VALUES (78, 'pedro.JPG', 'Foto do Perfil', 0);
INSERT INTO foto (id, url, descricao, version) VALUES (79, 'p14.png', 'Foto do Perfil', 0);
INSERT INTO foto (id, url, descricao, version) VALUES (80, 'paula.JPG', 'Foto do Perfil', 0);
INSERT INTO foto (id, url, descricao, version) VALUES (81, 'queiroz.JPG', 'Foto do Perfil', 0);
INSERT INTO foto (id, url, descricao, version) VALUES (82, 'p15.png', 'Foto do Perfil', 0);
INSERT INTO foto (id, url, descricao, version) VALUES (83, 'quenia.JPG', 'Foto do Perfil', 0);
INSERT INTO foto (id, url, descricao, version) VALUES (84, 'ronaldo.JPG', 'Foto do Perfil', 0);
INSERT INTO foto (id, url, descricao, version) VALUES (85, 'p16.png', 'Foto do Perfil', 0);
INSERT INTO foto (id, url, descricao, version) VALUES (86, 'roberta.JPG', 'Foto do Perfil', 0);
INSERT INTO foto (id, url, descricao, version) VALUES (87, 'p17.png', 'Foto do Perfil', 0);
INSERT INTO foto (id, url, descricao, version) VALUES (88, 'silvio.JPG', 'Foto do Perfil', 0);
INSERT INTO foto (id, url, descricao, version) VALUES (89, 'p18.png', 'Foto do Perfil', 0);
INSERT INTO foto (id, url, descricao, version) VALUES (90, 'sandra.JPG', 'Foto do Perfil', 0);
INSERT INTO foto (id, url, descricao, version) VALUES (91, 'tales.JPG', 'Foto do Perfil', 0);
INSERT INTO foto (id, url, descricao, version) VALUES (92, 'p19.png', 'Foto do Perfil', 0);
INSERT INTO foto (id, url, descricao, version) VALUES (93, 'talita.JPG', 'Foto do Perfil', 0);
INSERT INTO foto (id, url, descricao, version) VALUES (94, 'p20.png', 'Foto do Perfil', 0);
INSERT INTO foto (id, url, descricao, version) VALUES (95, 'ulisses.JPG', 'Foto do Perfil', 0);
INSERT INTO foto (id, url, descricao, version) VALUES (96, 'ursula.JPG', 'Foto do Perfil', 0);
INSERT INTO foto (id, url, descricao, version) VALUES (97, 'vitor.JPG', 'Foto do Perfil', 0);
INSERT INTO foto (id, url, descricao, version) VALUES (98, 'p22.png', 'Foto do Perfil', 0);
INSERT INTO foto (id, url, descricao, version) VALUES (99, 'vanessa.JPG', 'Foto do Perfil', 0);
INSERT INTO foto (id, url, descricao, version) VALUES (100, 'p21.png', 'Foto do Perfil', 0);
INSERT INTO foto (id, url, descricao, version) VALUES (101, 'yuri.JPG', 'Foto do Perfil', 0);
INSERT INTO foto (id, url, descricao, version) VALUES (102, 'yasmin.JPG', 'Foto do Perfil', 0);
INSERT INTO foto (id, url, descricao, version) VALUES (103, 'wesley.JPG', 'Foto do Perfil', 0);
INSERT INTO foto (id, url, descricao, version) VALUES (104, 'walesca.JPG', 'Foto do Perfil', 0);
INSERT INTO foto (id, url, descricao, version) VALUES (105, 'p23.png', 'Foto do Perfil', 0);
INSERT INTO foto (id, url, descricao, version) VALUES (106, 'zito.JPG', 'Foto do Perfil', 0);
INSERT INTO foto (id, url, descricao, version) VALUES (107, 'zuleica.JPG', 'Foto do Perfil', 0);
INSERT INTO foto (id, url, descricao, version) VALUES (108, 'p24.png', 'Foto do Perfil', 0);
INSERT INTO foto (id, url, descricao, version) VALUES (109, 'p25.png', 'Foto do Perfil', 0);
INSERT INTO foto (id, url, descricao, version) VALUES (110, 'p26.png', 'Foto do Perfil', 0);
INSERT INTO foto (id, url, descricao, version) VALUES (111, 'b12.png', 'Foto do Perfil', 0);
INSERT INTO foto (id, url, descricao, version) VALUES (112, 'b13.png', '', 0);
INSERT INTO foto (id, url, descricao, version) VALUES (113, 'b14.png', 'Foto do Perfil', 0);
INSERT INTO foto (id, url, descricao, version) VALUES (114, 'b15.png', 'Foto do Perfil', 0);
INSERT INTO foto (id, url, descricao, version) VALUES (115, 'b16.png', 'Foto do Perfil', 0);
INSERT INTO foto (id, url, descricao, version) VALUES (116, 'b17.png', 'Foto do Perfil', 0);
INSERT INTO foto (id, url, descricao, version) VALUES (117, 'b18.png', 'Foto do Perfil', 0);
INSERT INTO foto (id, url, descricao, version) VALUES (118, 'b19.png', 'Foto do Perfil', 0);
INSERT INTO foto (id, url, descricao, version) VALUES (119, 'b20.png', 'Foto do Perfil', 0);
INSERT INTO foto (id, url, descricao, version) VALUES (120, 'b21.png', 'Foto do Perfil', 0);
INSERT INTO foto (id, url, descricao, version) VALUES (121, 'b22.png', 'Foto do Perfil', 0);
INSERT INTO foto (id, url, descricao, version) VALUES (122, 'b23.png', '', 0);
INSERT INTO foto (id, url, descricao, version) VALUES (123, 'b24.png', 'Foto do Perfil', 0);
INSERT INTO foto (id, url, descricao, version) VALUES (124, 'b25.png', 'Foto do Perfil', 0);
INSERT INTO foto (id, url, descricao, version) VALUES (125, 'b26.png', 'Foto do Perfil', 0);
INSERT INTO foto (id, url, descricao, version) VALUES (126, 'b27.png', 'Foto do Perfil', 0);
INSERT INTO foto (id, url, descricao, version) VALUES (127, 'b28.png', 'Foto do Perfil', 0);
INSERT INTO foto (id, url, descricao, version) VALUES (128, 'b29.png', 'Foto do Perfil', 0);
INSERT INTO foto (id, url, descricao, version) VALUES (129, 'b30.png', 'Foto do Perfil', 0);
INSERT INTO foto (id, url, descricao, version) VALUES (130, 'b31.png', 'Foto do Perfil', 0);
INSERT INTO foto (id, url, descricao, version) VALUES (131, 'b32.png', 'Foto do Perfil', 0);
INSERT INTO foto (id, url, descricao, version) VALUES (132, 'b33.png', 'Foto do Perfil', 0);
INSERT INTO foto (id, url, descricao, version) VALUES (133, 'b34.png', 'Foto do Perfil', 0);
INSERT INTO foto (id, url, descricao, version) VALUES (134, 'b35.png', 'Foto do Perfil', 0);
INSERT INTO foto (id, url, descricao, version) VALUES (135, 'p27.png', 'Foto do Perfil', 0);
INSERT INTO foto (id, url, descricao, version) VALUES (136, 'p28.png', 'Foto do Perfil', 0);
INSERT INTO foto (id, url, descricao, version) VALUES (137, 'p29.png', 'Foto do Perfil', 0);
INSERT INTO foto (id, url, descricao, version) VALUES (138, 'p30.png', 'Foto do Perfil', 0);
INSERT INTO foto (id, url, descricao, version) VALUES (139, 'p31.png', 'Foto do Perfil', 0);
INSERT INTO foto (id, url, descricao, version) VALUES (140, 'p32.png', 'Foto do Perfil', 0);
INSERT INTO foto (id, url, descricao, version) VALUES (141, 'p33.png', 'Foto do Perfil', 0);
INSERT INTO foto (id, url, descricao, version) VALUES (142, 'p34.png', 'Foto do Perfil', 0);
INSERT INTO foto (id, url, descricao, version) VALUES (143, 'p35.png', 'Foto do Perfil', 0);
INSERT INTO foto (id, url, descricao, version) VALUES (144, 'bc11.png', 'Foto do Perfil', 0);
INSERT INTO foto (id, url, descricao, version) VALUES (145, 'bc12.png', 'Foto do Perfil', 0);
INSERT INTO foto (id, url, descricao, version) VALUES (146, 'bc13.png', 'Foto do Perfil', 0);
INSERT INTO foto (id, url, descricao, version) VALUES (147, 'bc14.png', 'Foto do Perfil', 0);
INSERT INTO foto (id, url, descricao, version) VALUES (148, 'bc15.png', 'Foto do Perfil', 0);
INSERT INTO foto (id, url, descricao, version) VALUES (149, 'bc16.png', 'Foto do Perfil', 0);
INSERT INTO foto (id, url, descricao, version) VALUES (150, 'bc17.png', 'Foto do Perfil', 0);
INSERT INTO foto (id, url, descricao, version) VALUES (151, 'bc18.png', 'Foto do Perfil', 0);
INSERT INTO foto (id, url, descricao, version) VALUES (152, 'bc19.png', 'Foto do Perfil', 0);
INSERT INTO foto (id, url, descricao, version) VALUES (153, 'bc20.png', 'Foto do Perfil', 0);
INSERT INTO foto (id, url, descricao, version) VALUES (154, 'bc21.png', 'Foto do Perfil', 0);
INSERT INTO foto (id, url, descricao, version) VALUES (155, 'bc22.png', 'Foto do Perfil', 0);
INSERT INTO foto (id, url, descricao, version) VALUES (156, 'bc23.png', 'Foto do Perfil', 0);
INSERT INTO foto (id, url, descricao, version) VALUES (157, 'bc24.png', 'Foto do Perfil', 0);
INSERT INTO foto (id, url, descricao, version) VALUES (158, 'bc25.png', 'Foto do Perfil', 0);
INSERT INTO foto (id, url, descricao, version) VALUES (159, 'bc26.png', 'Foto do Perfil', 0);
INSERT INTO foto (id, url, descricao, version) VALUES (160, 'bc27.png', 'Foto do Perfil', 0);
INSERT INTO foto (id, url, descricao, version) VALUES (161, 'bc28.png', 'Foto do Perfil', 0);
INSERT INTO foto (id, url, descricao, version) VALUES (162, 'bc29.png', 'Foto do Perfil', 0);
INSERT INTO foto (id, url, descricao, version) VALUES (163, 'bc30.png', 'Foto do Perfil', 0);
INSERT INTO foto (id, url, descricao, version) VALUES (164, 'bc31.png', 'Foto do Perfil', 0);
INSERT INTO foto (id, url, descricao, version) VALUES (165, 'bc32.png', 'Foto do Perfil', 0);
INSERT INTO foto (id, url, descricao, version) VALUES (166, 'bc33.png', 'Foto do Perfil', 0);
INSERT INTO foto (id, url, descricao, version) VALUES (167, 'bc34.png', 'Foto do Perfil', 0);
INSERT INTO foto (id, url, descricao, version) VALUES (168, 'bc35.png', 'Foto do Perfil', 0);
INSERT INTO foto (id, url, descricao, version) VALUES (169, 'face_image_378031398988380.png', 'Foto do Perfil', 0);
INSERT INTO foto (id, url, descricao, version) VALUES (170, 'p13.png', 'Foto do Perfil', 0);
INSERT INTO foto (id, url, descricao, version) VALUES (171, 'face_image_885834098119667.png', 'Foto do Perfil', 0);
INSERT INTO foto (id, url, descricao, version) VALUES (172, 'face_image_893440300728911.png', 'Foto do Perfil', 0);
INSERT INTO foto (id, url, descricao, version) VALUES (173, 'foto3_4.jpg', 'Foto do Perfil', 0);
INSERT INTO foto (id, url, descricao, version) VALUES (174, 'face_image_1612118635726545.png', 'Foto do Perfil', 0);


INSERT INTO dono (id, nome, sexo, email, foto_perfil_id, password, version) VALUES (3, 'Plinio', 'M', 'pag2@cin.ufpe.br', 4,  '81dc9bdb52d04dc20036dbd8313ed055', 0);
INSERT INTO dono (id, nome, sexo, email, foto_perfil_id, password, version) VALUES (4, 'Gisele', 'F', 'gisele@gmail.com', 11,  'e10adc3949ba59abbe56e057f20f883e', 0);
INSERT INTO dono (id, nome, sexo, email, foto_perfil_id, password, version) VALUES (5, 'Cláudio', 'M', 'claudio@gmail.com', 16,  '202cb962ac59075b964b07152d234b70', 0);
INSERT INTO dono (id, nome, sexo, email, foto_perfil_id, password, version) VALUES (6, 'Elen', 'F', 'elen@gmail.com', 18,  '202cb962ac59075b964b07152d234b70', 0);
INSERT INTO dono (id, nome, sexo, email, foto_perfil_id, password, version) VALUES (7, 'Ana', 'F', 'ana@gmail.com', 20,  '202cb962ac59075b964b07152d234b70', 0);
INSERT INTO dono (id, nome, sexo, email, foto_perfil_id, password, version) VALUES (9, 'Alan', 'M', 'alan@gmail.com', 30,  '202cb962ac59075b964b07152d234b70', 0);
INSERT INTO dono (id, nome, sexo, email, foto_perfil_id, password, version) VALUES (10, 'Bruna', 'F', 'bruna@gmail.com', 33,  '202cb962ac59075b964b07152d234b70', 0);
INSERT INTO dono (id, nome, sexo, email, foto_perfil_id, password, version) VALUES (11, 'Carla', 'F', 'carla@gmail.com', 36,  '202cb962ac59075b964b07152d234b70', 0);
INSERT INTO dono (id, nome, sexo, email, foto_perfil_id, password, version) VALUES (12, 'Daniele', 'F', 'daniele@gmail.com', 38,  '202cb962ac59075b964b07152d234b70', 0);
INSERT INTO dono (id, nome, sexo, email, foto_perfil_id, password, version) VALUES (13, 'Bernardo', 'M', 'bernardo@gmail.com', 41,  '202cb962ac59075b964b07152d234b70', 0);
INSERT INTO dono (id, nome, sexo, email, foto_perfil_id, password, version) VALUES (14, 'Bernardo', 'M', 'bernardo@gmail.com', 42,  'd41d8cd98f00b204e9800998ecf8427e', 0);
INSERT INTO dono (id, nome, sexo, email, foto_perfil_id, password, version) VALUES (15, 'Denilson', 'M', 'denilson@gmail.com', 45,  '202cb962ac59075b964b07152d234b70', 0);
INSERT INTO dono (id, nome, sexo, email, foto_perfil_id, password, version) VALUES (16, 'Elias', 'M', 'elias@gmail.com', 47,  '202cb962ac59075b964b07152d234b70', 0);
INSERT INTO dono (id, nome, sexo, email, foto_perfil_id, password, version) VALUES (17, 'Fernando', 'M', 'fernando@gmail.com', 51,  '202cb962ac59075b964b07152d234b70', 0);
INSERT INTO dono (id, nome, sexo, email, foto_perfil_id, password, version) VALUES (18, 'Fernanda', 'F', 'fernanda@gmail.com', 52,  '202cb962ac59075b964b07152d234b70', 0);
INSERT INTO dono (id, nome, sexo, email, foto_perfil_id, password, version) VALUES (19, 'Gustavo', 'M', 'gustavo@gmail.com', 53,  '202cb962ac59075b964b07152d234b70', 0);
INSERT INTO dono (id, nome, sexo, email, foto_perfil_id, password, version) VALUES (20, 'Gabriela', 'F', 'gabriela@gmail.com', 54,  '202cb962ac59075b964b07152d234b70', 0);
INSERT INTO dono (id, nome, sexo, email, foto_perfil_id, password, version) VALUES (21, 'Hugo', 'M', 'hugo@gmail.com', 55,  '202cb962ac59075b964b07152d234b70', 0);
INSERT INTO dono (id, nome, sexo, email, foto_perfil_id, password, version) VALUES (22, 'Helena', 'F', 'helena@gmail.com', 56,  '202cb962ac59075b964b07152d234b70', 0);
INSERT INTO dono (id, nome, sexo, email, foto_perfil_id, password, version) VALUES (23, 'Igor', 'M', 'igor@gmail.com', 58,  '202cb962ac59075b964b07152d234b70', 0);
INSERT INTO dono (id, nome, sexo, email, foto_perfil_id, password, version) VALUES (24, 'Iara', 'F', 'iara@gmail.com', 60,  '202cb962ac59075b964b07152d234b70', 0);
INSERT INTO dono (id, nome, sexo, email, foto_perfil_id, password, version) VALUES (25, 'Joel', 'M', 'joel@gmail.com', 61,  '202cb962ac59075b964b07152d234b70', 0);
INSERT INTO dono (id, nome, sexo, email, foto_perfil_id, password, version) VALUES (26, 'Joana', 'F', 'joana@gmail.com', 63,  '202cb962ac59075b964b07152d234b70', 0);
INSERT INTO dono (id, nome, sexo, email, foto_perfil_id, password, version) VALUES (27, 'Kevin', 'M', 'kevin@gmail.com', 64,  '202cb962ac59075b964b07152d234b70', 0);
INSERT INTO dono (id, nome, sexo, email, foto_perfil_id, password, version) VALUES (28, 'Kely', 'F', 'kely@gmail.com', 65,  '202cb962ac59075b964b07152d234b70', 0);
INSERT INTO dono (id, nome, sexo, email, foto_perfil_id, password, version) VALUES (29, 'Lúcio', 'M', 'lucio@gmail.com', 67,  '202cb962ac59075b964b07152d234b70', 0);
INSERT INTO dono (id, nome, sexo, email, foto_perfil_id, password, version) VALUES (30, 'Luana', 'F', 'luana@gmail.com', 68,  '202cb962ac59075b964b07152d234b70', 0);
INSERT INTO dono (id, nome, sexo, email, foto_perfil_id, password, version) VALUES (31, 'Mário', 'M', 'mario@gmail.com', 70,  '202cb962ac59075b964b07152d234b70', 0);
INSERT INTO dono (id, nome, sexo, email, foto_perfil_id, password, version) VALUES (32, 'Maria', 'F', 'maria@gmail.com', 71,  '202cb962ac59075b964b07152d234b70', 0);
INSERT INTO dono (id, nome, sexo, email, foto_perfil_id, password, version) VALUES (33, 'Nicolas', 'M', 'nicolas@gmail.com', 72,  '202cb962ac59075b964b07152d234b70', 0);
INSERT INTO dono (id, nome, sexo, email, foto_perfil_id, password, version) VALUES (34, 'Natalia', 'F', 'natalia@gmail.com', 74,  '202cb962ac59075b964b07152d234b70', 0);
INSERT INTO dono (id, nome, sexo, email, foto_perfil_id, password, version) VALUES (35, 'Otavio', 'M', 'otavio@gmail.com', 75,  '202cb962ac59075b964b07152d234b70', 0);
INSERT INTO dono (id, nome, sexo, email, foto_perfil_id, password, version) VALUES (36, 'Olívia', 'F', 'olivia@gmail.com', 77,  '202cb962ac59075b964b07152d234b70', 0);
INSERT INTO dono (id, nome, sexo, email, foto_perfil_id, password, version) VALUES (37, 'Pedro', 'M', 'pedro@gmail.com', 78,  '202cb962ac59075b964b07152d234b70', 0);
INSERT INTO dono (id, nome, sexo, email, foto_perfil_id, password, version) VALUES (38, 'Paula', 'F', 'paula@gmail.com', 80,  '202cb962ac59075b964b07152d234b70', 0);
INSERT INTO dono (id, nome, sexo, email, foto_perfil_id, password, version) VALUES (39, 'Queiroz', 'M', 'queiroz@gmail.com', 81,  '202cb962ac59075b964b07152d234b70', 0);
INSERT INTO dono (id, nome, sexo, email, foto_perfil_id, password, version) VALUES (40, 'Quênia', 'F', 'quenia@gmail.com', 83,  '202cb962ac59075b964b07152d234b70', 0);
INSERT INTO dono (id, nome, sexo, email, foto_perfil_id, password, version) VALUES (41, 'Ronaldo', 'M', 'ronaldo@gmail.com', 84,  '202cb962ac59075b964b07152d234b70', 0);
INSERT INTO dono (id, nome, sexo, email, foto_perfil_id, password, version) VALUES (42, 'Roberta', 'F', 'roberta@gmail.com', 86,  '202cb962ac59075b964b07152d234b70', 0);
INSERT INTO dono (id, nome, sexo, email, foto_perfil_id, password, version) VALUES (43, 'Silvio', 'M', 'silvio@gmail.com', 88,  '202cb962ac59075b964b07152d234b70', 0);
INSERT INTO dono (id, nome, sexo, email, foto_perfil_id, password, version) VALUES (44, 'Sandra', 'F', 'sandra@gmail.com', 90,  '202cb962ac59075b964b07152d234b70', 0);
INSERT INTO dono (id, nome, sexo, email, foto_perfil_id, password, version) VALUES (45, 'Tales', 'M', 'tales@gmail.com', 91,  '202cb962ac59075b964b07152d234b70', 0);
INSERT INTO dono (id, nome, sexo, email, foto_perfil_id, password, version) VALUES (46, 'Talita', 'F', 'talita@gmail.com', 93,  '202cb962ac59075b964b07152d234b70', 0);
INSERT INTO dono (id, nome, sexo, email, foto_perfil_id, password, version) VALUES (47, 'Ulisses', 'M', 'ulisses@gmail.com', 95,  '202cb962ac59075b964b07152d234b70', 0);
INSERT INTO dono (id, nome, sexo, email, foto_perfil_id, password, version) VALUES (48, 'Úrsula', 'F', 'ursula@gmail.com', 96,  '202cb962ac59075b964b07152d234b70', 0);
INSERT INTO dono (id, nome, sexo, email, foto_perfil_id, password, version) VALUES (49, 'Vitor', 'M', 'vitor@gmail.com', 97,  '202cb962ac59075b964b07152d234b70', 0);
INSERT INTO dono (id, nome, sexo, email, foto_perfil_id, password, version) VALUES (50, 'Vanessa', 'F', 'vanessa@gmail.com', 99,  '202cb962ac59075b964b07152d234b70', 0);
INSERT INTO dono (id, nome, sexo, email, foto_perfil_id, password, version) VALUES (51, 'Yuri', 'M', 'yuri@gmail.com', 101,  '202cb962ac59075b964b07152d234b70', 0);
INSERT INTO dono (id, nome, sexo, email, foto_perfil_id, password, version) VALUES (52, 'Yasmin', 'F', 'yasmin@gmail.com', 102,  '202cb962ac59075b964b07152d234b70', 0);
INSERT INTO dono (id, nome, sexo, email, foto_perfil_id, password, version) VALUES (53, 'Wesley', 'M', 'wesley@gmail.com', 103,  '202cb962ac59075b964b07152d234b70', 0);
INSERT INTO dono (id, nome, sexo, email, foto_perfil_id, password, version) VALUES (54, 'Walesca', 'F', 'walesca@gmail.com', 104,  '202cb962ac59075b964b07152d234b70', 0);
INSERT INTO dono (id, nome, sexo, email, foto_perfil_id, password, version) VALUES (55, 'Zito', 'M', 'zito@gmail.com', 106,  '202cb962ac59075b964b07152d234b70', 0);
INSERT INTO dono (id, nome, sexo, email, foto_perfil_id, password, version) VALUES (56, 'Zuleica', 'F', 'zuleica@gmail.com', 107,  '202cb962ac59075b964b07152d234b70', 0);
INSERT INTO dono (id, nome, sexo, email, foto_perfil_id, password, version) VALUES (60, 'Joao', 'M', 'teste@teste.com', 173,  '202cb962ac59075b964b07152d234b70', 0);




INSERT INTO dog (id, dono_id, nome, sexo, raca_id, cidade_id, foto_perfil_id, descricao_perfil, tem_pedigree, interessa_cruzar, interessa_passear, datahora_excluido, version) VALUES (28, 5, 'Quica', 'F', 1, 1, 76, NULL, true, true, true, NULL, 0);
INSERT INTO dog (id, dono_id, nome, sexo, raca_id, cidade_id, foto_perfil_id, descricao_perfil, tem_pedigree, interessa_cruzar, interessa_passear, datahora_excluido, version) VALUES (76, 56, 'Pimenta', 'F', 2, 2, 147, NULL, true, true, true, NULL, 0);
INSERT INTO dog (id, dono_id, nome, sexo, raca_id, cidade_id, foto_perfil_id, descricao_perfil, tem_pedigree, interessa_cruzar, interessa_passear, datahora_excluido, version) VALUES (77, 23, 'Pluto', 'M', 2, 2, 148, NULL, true, true, true, NULL, 0);
INSERT INTO dog (id, dono_id, nome, sexo, raca_id, cidade_id, foto_perfil_id, descricao_perfil, tem_pedigree, interessa_cruzar, interessa_passear, datahora_excluido, version) VALUES (21, 11, 'Heroi', 'M', 1, 2, 50, NULL, true, true, true, NULL, 0);
INSERT INTO dog (id, dono_id, nome, sexo, raca_id, cidade_id, foto_perfil_id, descricao_perfil, tem_pedigree, interessa_cruzar, interessa_passear, datahora_excluido, version) VALUES (1, 26, 'Max', 'M', 2, 2, 3, NULL, true, true, true, NULL, 0);
INSERT INTO dog (id, dono_id, nome, sexo, raca_id, cidade_id, foto_perfil_id, descricao_perfil, tem_pedigree, interessa_cruzar, interessa_passear, datahora_excluido, version) VALUES (12, 20, 'Flokinho', 'M', 1, 1, 31, NULL, true, true, true, NULL, 0);
INSERT INTO dog (id, dono_id, nome, sexo, raca_id, cidade_id, foto_perfil_id, descricao_perfil, tem_pedigree, interessa_cruzar, interessa_passear, datahora_excluido, version) VALUES (13, 31, 'Pink', 'F', 1, 1, 34, NULL, true, true, true, NULL, 0);
INSERT INTO dog (id, dono_id, nome, sexo, raca_id, cidade_id, foto_perfil_id, descricao_perfil, tem_pedigree, interessa_cruzar, interessa_passear, datahora_excluido, version) VALUES (14, 9, 'Linda', 'F', 1, 2, 37, NULL, true, true, true, NULL, 0);
INSERT INTO dog (id, dono_id, nome, sexo, raca_id, cidade_id, foto_perfil_id, descricao_perfil, tem_pedigree, interessa_cruzar, interessa_passear, datahora_excluido, version) VALUES (16, 43, 'Fredo', 'M', 1, 2, 43, NULL, true, true, true, NULL, 0);
INSERT INTO dog (id, dono_id, nome, sexo, raca_id, cidade_id, foto_perfil_id, descricao_perfil, tem_pedigree, interessa_cruzar, interessa_passear, datahora_excluido, version) VALUES (2, 43, 'Spider', 'M', 1, 2, 8, NULL, true, true, true, NULL, 0);
INSERT INTO dog (id, dono_id, nome, sexo, raca_id, cidade_id, foto_perfil_id, descricao_perfil, tem_pedigree, interessa_cruzar, interessa_passear, datahora_excluido, version) VALUES (22, 41, 'Lara', 'F', 1, 1, 57, NULL, true, true, true, NULL, 0);
INSERT INTO dog (id, dono_id, nome, sexo, raca_id, cidade_id, foto_perfil_id, descricao_perfil, tem_pedigree, interessa_cruzar, interessa_passear, datahora_excluido, version) VALUES (24, 53, 'Leopoldo', 'M', 1, 1, 62, NULL, true, true, true, NULL, 0);
INSERT INTO dog (id, dono_id, nome, sexo, raca_id, cidade_id, foto_perfil_id, descricao_perfil, tem_pedigree, interessa_cruzar, interessa_passear, datahora_excluido, version) VALUES (25, 37, 'Ohanna', 'F', 1, 2, 66, NULL, false, true, true, NULL, 0);
INSERT INTO dog (id, dono_id, nome, sexo, raca_id, cidade_id, foto_perfil_id, descricao_perfil, tem_pedigree, interessa_cruzar, interessa_passear, datahora_excluido, version) VALUES (26, 38, 'Orion', 'M', 1, 2, 69, NULL, false, true, true, NULL, 0);
INSERT INTO dog (id, dono_id, nome, sexo, raca_id, cidade_id, foto_perfil_id, descricao_perfil, tem_pedigree, interessa_cruzar, interessa_passear, datahora_excluido, version) VALUES (27, 25, 'Pipoca', 'F', 1, 1, 73, NULL, false, true, true, NULL, 0);
INSERT INTO dog (id, dono_id, nome, sexo, raca_id, cidade_id, foto_perfil_id, descricao_perfil, tem_pedigree, interessa_cruzar, interessa_passear, datahora_excluido, version) VALUES (29, 49, 'Querida', 'F', 1, 1, 79, NULL, true, true, true, NULL, 0);
INSERT INTO dog (id, dono_id, nome, sexo, raca_id, cidade_id, foto_perfil_id, descricao_perfil, tem_pedigree, interessa_cruzar, interessa_passear, datahora_excluido, version) VALUES (30, 30, 'Shrek', 'M', 1, 2, 82, NULL, false, true, true, NULL, 0);
INSERT INTO dog (id, dono_id, nome, sexo, raca_id, cidade_id, foto_perfil_id, descricao_perfil, tem_pedigree, interessa_cruzar, interessa_passear, datahora_excluido, version) VALUES (31, 17, 'Viking', 'M', 1, 1, 85, NULL, true, true, true, NULL, 0);
INSERT INTO dog (id, dono_id, nome, sexo, raca_id, cidade_id, foto_perfil_id, descricao_perfil, tem_pedigree, interessa_cruzar, interessa_passear, datahora_excluido, version) VALUES (32, 39, 'Xico', 'M', 1, 1, 87, NULL, true, true, true, NULL, 0);
INSERT INTO dog (id, dono_id, nome, sexo, raca_id, cidade_id, foto_perfil_id, descricao_perfil, tem_pedigree, interessa_cruzar, interessa_passear, datahora_excluido, version) VALUES (33, 36, 'Surigata', 'F', 1, 1, 89, NULL, true, true, true, NULL, 0);
INSERT INTO dog (id, dono_id, nome, sexo, raca_id, cidade_id, foto_perfil_id, descricao_perfil, tem_pedigree, interessa_cruzar, interessa_passear, datahora_excluido, version) VALUES (34, 14, 'Teko', 'M', 1, 1, 92, NULL, true, true, true, NULL, 0);
INSERT INTO dog (id, dono_id, nome, sexo, raca_id, cidade_id, foto_perfil_id, descricao_perfil, tem_pedigree, interessa_cruzar, interessa_passear, datahora_excluido, version) VALUES (35, 46, 'Vanila', 'F', 1, 1, 94, NULL, true, true, true, NULL, 0);
INSERT INTO dog (id, dono_id, nome, sexo, raca_id, cidade_id, foto_perfil_id, descricao_perfil, tem_pedigree, interessa_cruzar, interessa_passear, datahora_excluido, version) VALUES (36, 43, 'Dudinha', 'F', 1, 1, 98, NULL, true, true, true, NULL, 0);
INSERT INTO dog (id, dono_id, nome, sexo, raca_id, cidade_id, foto_perfil_id, descricao_perfil, tem_pedigree, interessa_cruzar, interessa_passear, datahora_excluido, version) VALUES (37, 38, 'Freud', 'M', 1, 1, 100, NULL, true, true, true, NULL, 0);
INSERT INTO dog (id, dono_id, nome, sexo, raca_id, cidade_id, foto_perfil_id, descricao_perfil, tem_pedigree, interessa_cruzar, interessa_passear, datahora_excluido, version) VALUES (38, 16, 'Calvin', 'M', 1, 2, 105, NULL, true, true, true, NULL, 0);
INSERT INTO dog (id, dono_id, nome, sexo, raca_id, cidade_id, foto_perfil_id, descricao_perfil, tem_pedigree, interessa_cruzar, interessa_passear, datahora_excluido, version) VALUES (39, 27, 'Guga', 'M', 1, 2, 108, NULL, false, true, true, NULL, 0);
INSERT INTO dog (id, dono_id, nome, sexo, raca_id, cidade_id, foto_perfil_id, descricao_perfil, tem_pedigree, interessa_cruzar, interessa_passear, datahora_excluido, version) VALUES (40, 10, 'Glenda', 'F', 1, 2, 109, NULL, false, true, true, NULL, 0);
INSERT INTO dog (id, dono_id, nome, sexo, raca_id, cidade_id, foto_perfil_id, descricao_perfil, tem_pedigree, interessa_cruzar, interessa_passear, datahora_excluido, version) VALUES (41, 52, 'Nóia', 'M', 1, 2, 110, NULL, false, true, true, NULL, 0);
INSERT INTO dog (id, dono_id, nome, sexo, raca_id, cidade_id, foto_perfil_id, descricao_perfil, tem_pedigree, interessa_cruzar, interessa_passear, datahora_excluido, version) VALUES (42, 52, 'Golias', 'M', 3, 1, 111, NULL, true, true, true, NULL, 0);
INSERT INTO dog (id, dono_id, nome, sexo, raca_id, cidade_id, foto_perfil_id, descricao_perfil, tem_pedigree, interessa_cruzar, interessa_passear, datahora_excluido, version) VALUES (43, 3, 'Glub', 'M', 3, 2, 113, NULL, false, true, true, NULL, 0);
INSERT INTO dog (id, dono_id, nome, sexo, raca_id, cidade_id, foto_perfil_id, descricao_perfil, tem_pedigree, interessa_cruzar, interessa_passear, datahora_excluido, version) VALUES (44, 52, 'Geléia', 'F', 3, 2, 114, NULL, true, true, true, NULL, 0);
INSERT INTO dog (id, dono_id, nome, sexo, raca_id, cidade_id, foto_perfil_id, descricao_perfil, tem_pedigree, interessa_cruzar, interessa_passear, datahora_excluido, version) VALUES (45, 19, 'Gigi', 'F', 3, 2, 115, NULL, true, true, true, NULL, 0);
INSERT INTO dog (id, dono_id, nome, sexo, raca_id, cidade_id, foto_perfil_id, descricao_perfil, tem_pedigree, interessa_cruzar, interessa_passear, datahora_excluido, version) VALUES (46, 14, 'Lolita', 'F', 3, 1, 116, NULL, true, true, true, NULL, 0);
INSERT INTO dog (id, dono_id, nome, sexo, raca_id, cidade_id, foto_perfil_id, descricao_perfil, tem_pedigree, interessa_cruzar, interessa_passear, datahora_excluido, version) VALUES (47, 21, 'Zóin', 'M', 3, 1, 117, NULL, false, true, true, NULL, 0);
INSERT INTO dog (id, dono_id, nome, sexo, raca_id, cidade_id, foto_perfil_id, descricao_perfil, tem_pedigree, interessa_cruzar, interessa_passear, datahora_excluido, version) VALUES (48, 38, 'Alegre', 'M', 3, 1, 118, NULL, false, true, true, NULL, 0);
INSERT INTO dog (id, dono_id, nome, sexo, raca_id, cidade_id, foto_perfil_id, descricao_perfil, tem_pedigree, interessa_cruzar, interessa_passear, datahora_excluido, version) VALUES (49, 45, 'Martin', 'M', 3, 1, 119, NULL, false, true, true, NULL, 0);
INSERT INTO dog (id, dono_id, nome, sexo, raca_id, cidade_id, foto_perfil_id, descricao_perfil, tem_pedigree, interessa_cruzar, interessa_passear, datahora_excluido, version) VALUES (50, 30, 'Pimpão', 'M', 3, 2, 120, NULL, false, true, true, NULL, 0);
INSERT INTO dog (id, dono_id, nome, sexo, raca_id, cidade_id, foto_perfil_id, descricao_perfil, tem_pedigree, interessa_cruzar, interessa_passear, datahora_excluido, version) VALUES (51, 26, 'Quixote', 'M', 3, 1, 121, NULL, true, true, true, NULL, 0);
INSERT INTO dog (id, dono_id, nome, sexo, raca_id, cidade_id, foto_perfil_id, descricao_perfil, tem_pedigree, interessa_cruzar, interessa_passear, datahora_excluido, version) VALUES (52, 32, 'Peter', 'M', 3, 2, 123, NULL, false, true, true, NULL, 0);
INSERT INTO dog (id, dono_id, nome, sexo, raca_id, cidade_id, foto_perfil_id, descricao_perfil, tem_pedigree, interessa_cruzar, interessa_passear, datahora_excluido, version) VALUES (53, 15, 'Abigail', 'F', 3, 1, 124, NULL, true, true, true, NULL, 0);
INSERT INTO dog (id, dono_id, nome, sexo, raca_id, cidade_id, foto_perfil_id, descricao_perfil, tem_pedigree, interessa_cruzar, interessa_passear, datahora_excluido, version) VALUES (54, 26, 'Stella', 'F', 3, 1, 125, NULL, true, true, true, NULL, 0);
INSERT INTO dog (id, dono_id, nome, sexo, raca_id, cidade_id, foto_perfil_id, descricao_perfil, tem_pedigree, interessa_cruzar, interessa_passear, datahora_excluido, version) VALUES (55, 29, 'Augusta', 'F', 3, 1, 126, NULL, true, true, true, NULL, 0);
INSERT INTO dog (id, dono_id, nome, sexo, raca_id, cidade_id, foto_perfil_id, descricao_perfil, tem_pedigree, interessa_cruzar, interessa_passear, datahora_excluido, version) VALUES (56, 52, 'Lola', 'F', 3, 2, 127, NULL, true, true, true, NULL, 0);
INSERT INTO dog (id, dono_id, nome, sexo, raca_id, cidade_id, foto_perfil_id, descricao_perfil, tem_pedigree, interessa_cruzar, interessa_passear, datahora_excluido, version) VALUES (58, 54, 'Nikitta', 'F', 3, 2, 129, NULL, true, true, true, NULL, 0);
INSERT INTO dog (id, dono_id, nome, sexo, raca_id, cidade_id, foto_perfil_id, descricao_perfil, tem_pedigree, interessa_cruzar, interessa_passear, datahora_excluido, version) VALUES (59, 54, 'Xuxa', 'F', 3, 2, 130, NULL, false, true, true, NULL, 0);
INSERT INTO dog (id, dono_id, nome, sexo, raca_id, cidade_id, foto_perfil_id, descricao_perfil, tem_pedigree, interessa_cruzar, interessa_passear, datahora_excluido, version) VALUES (61, 28, 'Malu', 'F', 3, 1, 132, NULL, true, true, true, NULL, 0);
INSERT INTO dog (id, dono_id, nome, sexo, raca_id, cidade_id, foto_perfil_id, descricao_perfil, tem_pedigree, interessa_cruzar, interessa_passear, datahora_excluido, version) VALUES (62, 15, 'Joaninha', 'F', 3, 1, 133, NULL, false, true, true, NULL, 0);
INSERT INTO dog (id, dono_id, nome, sexo, raca_id, cidade_id, foto_perfil_id, descricao_perfil, tem_pedigree, interessa_cruzar, interessa_passear, datahora_excluido, version) VALUES (63, 40, 'Natacha', 'F', 3, 1, 134, NULL, true, true, true, NULL, 0);
INSERT INTO dog (id, dono_id, nome, sexo, raca_id, cidade_id, foto_perfil_id, descricao_perfil, tem_pedigree, interessa_cruzar, interessa_passear, datahora_excluido, version) VALUES (65, 29, 'Olga', 'F', 1, 2, 136, NULL, true, true, true, NULL, 0);
INSERT INTO dog (id, dono_id, nome, sexo, raca_id, cidade_id, foto_perfil_id, descricao_perfil, tem_pedigree, interessa_cruzar, interessa_passear, datahora_excluido, version) VALUES (66, 30, 'Docinho', 'F', 1, 2, 137, NULL, true, true, true, NULL, 0);
INSERT INTO dog (id, dono_id, nome, sexo, raca_id, cidade_id, foto_perfil_id, descricao_perfil, tem_pedigree, interessa_cruzar, interessa_passear, datahora_excluido, version) VALUES (67, 51, 'Paty', 'F', 1, 2, 138, NULL, false, true, true, NULL, 0);
INSERT INTO dog (id, dono_id, nome, sexo, raca_id, cidade_id, foto_perfil_id, descricao_perfil, tem_pedigree, interessa_cruzar, interessa_passear, datahora_excluido, version) VALUES (68, 11, 'Pompom', 'M', 1, 1, 139, NULL, true, true, true, NULL, 0);
INSERT INTO dog (id, dono_id, nome, sexo, raca_id, cidade_id, foto_perfil_id, descricao_perfil, tem_pedigree, interessa_cruzar, interessa_passear, datahora_excluido, version) VALUES (69, 46, 'Areta', 'F', 1, 2, 140, NULL, true, true, true, NULL, 0);
INSERT INTO dog (id, dono_id, nome, sexo, raca_id, cidade_id, foto_perfil_id, descricao_perfil, tem_pedigree, interessa_cruzar, interessa_passear, datahora_excluido, version) VALUES (70, 22, 'Bilu', 'M', 1, 1, 141, NULL, true, true, true, NULL, 0);
INSERT INTO dog (id, dono_id, nome, sexo, raca_id, cidade_id, foto_perfil_id, descricao_perfil, tem_pedigree, interessa_cruzar, interessa_passear, datahora_excluido, version) VALUES (71, 21, 'Margarida', 'F', 1, 1, 142, NULL, true, true, true, NULL, 0);
INSERT INTO dog (id, dono_id, nome, sexo, raca_id, cidade_id, foto_perfil_id, descricao_perfil, tem_pedigree, interessa_cruzar, interessa_passear, datahora_excluido, version) VALUES (72, 42, 'Fred', 'M', 1, 1, 143, NULL, false, true, true, NULL, 0);
INSERT INTO dog (id, dono_id, nome, sexo, raca_id, cidade_id, foto_perfil_id, descricao_perfil, tem_pedigree, interessa_cruzar, interessa_passear, datahora_excluido, version) VALUES (73, 18, 'Potter', 'M', 2, 1, 144, NULL, true, true, true, NULL, 0);
INSERT INTO dog (id, dono_id, nome, sexo, raca_id, cidade_id, foto_perfil_id, descricao_perfil, tem_pedigree, interessa_cruzar, interessa_passear, datahora_excluido, version) VALUES (74, 24, 'Pituxa', 'F', 2, 2, 145, NULL, true, true, true, NULL, 0);
INSERT INTO dog (id, dono_id, nome, sexo, raca_id, cidade_id, foto_perfil_id, descricao_perfil, tem_pedigree, interessa_cruzar, interessa_passear, datahora_excluido, version) VALUES (75, 38, 'Teimoso', 'M', 2, 1, 146, NULL, true, true, true, NULL, 0);
INSERT INTO dog (id, dono_id, nome, sexo, raca_id, cidade_id, foto_perfil_id, descricao_perfil, tem_pedigree, interessa_cruzar, interessa_passear, datahora_excluido, version) VALUES (3, 36, 'Brutus', 'M', 3, 1, 9, NULL, true, true, true, NULL, 0);
INSERT INTO dog (id, dono_id, nome, sexo, raca_id, cidade_id, foto_perfil_id, descricao_perfil, tem_pedigree, interessa_cruzar, interessa_passear, datahora_excluido, version) VALUES (4, 38, 'Peggie', 'F', 1, 2, 10, NULL, true, true, true, NULL, 0);
INSERT INTO dog (id, dono_id, nome, sexo, raca_id, cidade_id, foto_perfil_id, descricao_perfil, tem_pedigree, interessa_cruzar, interessa_passear, datahora_excluido, version) VALUES (5, 3, 'Alegre', 'M', 3, 1, 12, NULL, true, true, true, NULL, 0);
INSERT INTO dog (id, dono_id, nome, sexo, raca_id, cidade_id, foto_perfil_id, descricao_perfil, tem_pedigree, interessa_cruzar, interessa_passear, datahora_excluido, version) VALUES (6, 19, 'Grandão', 'M', 3, 1, 13, NULL, true, true, true, NULL, 0);
INSERT INTO dog (id, dono_id, nome, sexo, raca_id, cidade_id, foto_perfil_id, descricao_perfil, tem_pedigree, interessa_cruzar, interessa_passear, datahora_excluido, version) VALUES (7, 28, 'Bob', 'M', 2, 2, 17, NULL, true, true, true, NULL, 0);
INSERT INTO dog (id, dono_id, nome, sexo, raca_id, cidade_id, foto_perfil_id, descricao_perfil, tem_pedigree, interessa_cruzar, interessa_passear, datahora_excluido, version) VALUES (8, 33, 'Alice', 'F', 2, 1, 19, NULL, true, true, true, NULL, 0);
INSERT INTO dog (id, dono_id, nome, sexo, raca_id, cidade_id, foto_perfil_id, descricao_perfil, tem_pedigree, interessa_cruzar, interessa_passear, datahora_excluido, version) VALUES (9, 45, 'Nina', 'F', 2, 1, 21, NULL, false, true, true, NULL, 0);
INSERT INTO dog (id, dono_id, nome, sexo, raca_id, cidade_id, foto_perfil_id, descricao_perfil, tem_pedigree, interessa_cruzar, interessa_passear, datahora_excluido, version) VALUES (10, 4, 'Ted', 'M', 3, 2, 24, NULL, true, true, true, NULL, 0);
INSERT INTO dog (id, dono_id, nome, sexo, raca_id, cidade_id, foto_perfil_id, descricao_perfil, tem_pedigree, interessa_cruzar, interessa_passear, datahora_excluido, version) VALUES (11, 48, 'Rex', 'M', 3, 1, 26, NULL, true, true, true, NULL, 0);
INSERT INTO dog (id, dono_id, nome, sexo, raca_id, cidade_id, foto_perfil_id, descricao_perfil, tem_pedigree, interessa_cruzar, interessa_passear, datahora_excluido, version) VALUES (15, 15, 'Bolota', 'F', 3, 2, 39, NULL, true, true, true, NULL, 0);
INSERT INTO dog (id, dono_id, nome, sexo, raca_id, cidade_id, foto_perfil_id, descricao_perfil, tem_pedigree, interessa_cruzar, interessa_passear, datahora_excluido, version) VALUES (17, 33, 'Bingo', 'F', 3, 1, 44, NULL, true, true, true, NULL, 0);
INSERT INTO dog (id, dono_id, nome, sexo, raca_id, cidade_id, foto_perfil_id, descricao_perfil, tem_pedigree, interessa_cruzar, interessa_passear, datahora_excluido, version) VALUES (18, 44, 'Leão', 'M', 2, 1, 46, NULL, true, true, true, NULL, 0);
INSERT INTO dog (id, dono_id, nome, sexo, raca_id, cidade_id, foto_perfil_id, descricao_perfil, tem_pedigree, interessa_cruzar, interessa_passear, datahora_excluido, version) VALUES (19, 24, 'Ghost', 'M', 3, 2, 48, NULL, true, true, true, NULL, 0);
INSERT INTO dog (id, dono_id, nome, sexo, raca_id, cidade_id, foto_perfil_id, descricao_perfil, tem_pedigree, interessa_cruzar, interessa_passear, datahora_excluido, version) VALUES (20, 32, 'Trovão', 'M', 3, 1, 49, NULL, true, true, true, NULL, 0);
INSERT INTO dog (id, dono_id, nome, sexo, raca_id, cidade_id, foto_perfil_id, descricao_perfil, tem_pedigree, interessa_cruzar, interessa_passear, datahora_excluido, version) VALUES (81, 6, 'Kiara', 'F', 2, 2, 152, NULL, true, true, true, NULL, 0);
INSERT INTO dog (id, dono_id, nome, sexo, raca_id, cidade_id, foto_perfil_id, descricao_perfil, tem_pedigree, interessa_cruzar, interessa_passear, datahora_excluido, version) VALUES (78, 42, 'Morpheu', 'M', 2, 1, 149, NULL, true, true, true, NULL, 0);
INSERT INTO dog (id, dono_id, nome, sexo, raca_id, cidade_id, foto_perfil_id, descricao_perfil, tem_pedigree, interessa_cruzar, interessa_passear, datahora_excluido, version) VALUES (79, 25, 'Maila', 'F', 2, 2, 150, NULL, true, true, true, NULL, 0);
INSERT INTO dog (id, dono_id, nome, sexo, raca_id, cidade_id, foto_perfil_id, descricao_perfil, tem_pedigree, interessa_cruzar, interessa_passear, datahora_excluido, version) VALUES (80, 4, 'Kiko', 'M', 2, 2, 151, NULL, true, true, true, NULL, 0);
INSERT INTO dog (id, dono_id, nome, sexo, raca_id, cidade_id, foto_perfil_id, descricao_perfil, tem_pedigree, interessa_cruzar, interessa_passear, datahora_excluido, version) VALUES (82, 9, 'Estrela', 'F', 2, 1, 153, NULL, true, true, true, NULL, 0);
INSERT INTO dog (id, dono_id, nome, sexo, raca_id, cidade_id, foto_perfil_id, descricao_perfil, tem_pedigree, interessa_cruzar, interessa_passear, datahora_excluido, version) VALUES (83, 12, 'Frajola', 'M', 2, 1, 154, NULL, false, true, true, NULL, 0);
INSERT INTO dog (id, dono_id, nome, sexo, raca_id, cidade_id, foto_perfil_id, descricao_perfil, tem_pedigree, interessa_cruzar, interessa_passear, datahora_excluido, version) VALUES (84, 31, 'Filó', 'F', 2, 1, 155, NULL, false, true, true, NULL, 0);
INSERT INTO dog (id, dono_id, nome, sexo, raca_id, cidade_id, foto_perfil_id, descricao_perfil, tem_pedigree, interessa_cruzar, interessa_passear, datahora_excluido, version) VALUES (85, 40, 'Halley', 'M', 2, 1, 156, NULL, true, true, true, NULL, 0);
INSERT INTO dog (id, dono_id, nome, sexo, raca_id, cidade_id, foto_perfil_id, descricao_perfil, tem_pedigree, interessa_cruzar, interessa_passear, datahora_excluido, version) VALUES (87, 41, 'Isis', 'F', 2, 1, 158, NULL, false, true, true, NULL, 0);
INSERT INTO dog (id, dono_id, nome, sexo, raca_id, cidade_id, foto_perfil_id, descricao_perfil, tem_pedigree, interessa_cruzar, interessa_passear, datahora_excluido, version) VALUES (88, 30, 'Mano', 'M', 2, 2, 159, NULL, true, true, true, NULL, 0);
INSERT INTO dog (id, dono_id, nome, sexo, raca_id, cidade_id, foto_perfil_id, descricao_perfil, tem_pedigree, interessa_cruzar, interessa_passear, datahora_excluido, version) VALUES (89, 30, 'Nicolau', 'M', 2, 1, 160, NULL, true, true, true, NULL, 0);
INSERT INTO dog (id, dono_id, nome, sexo, raca_id, cidade_id, foto_perfil_id, descricao_perfil, tem_pedigree, interessa_cruzar, interessa_passear, datahora_excluido, version) VALUES (90, 7, 'Neve', 'F', 2, 1, 161, NULL, true, true, true, NULL, 0);
INSERT INTO dog (id, dono_id, nome, sexo, raca_id, cidade_id, foto_perfil_id, descricao_perfil, tem_pedigree, interessa_cruzar, interessa_passear, datahora_excluido, version) VALUES (91, 16, 'Guida', 'F', 2, 1, 162, NULL, false, true, true, NULL, 0);
INSERT INTO dog (id, dono_id, nome, sexo, raca_id, cidade_id, foto_perfil_id, descricao_perfil, tem_pedigree, interessa_cruzar, interessa_passear, datahora_excluido, version) VALUES (92, 48, 'Gugu', 'M', 2, 1, 163, NULL, false, true, true, NULL, 0);
INSERT INTO dog (id, dono_id, nome, sexo, raca_id, cidade_id, foto_perfil_id, descricao_perfil, tem_pedigree, interessa_cruzar, interessa_passear, datahora_excluido, version) VALUES (93, 31, 'Indiana', 'F', 2, 2, 164, NULL, true, true, true, NULL, 0);
INSERT INTO dog (id, dono_id, nome, sexo, raca_id, cidade_id, foto_perfil_id, descricao_perfil, tem_pedigree, interessa_cruzar, interessa_passear, datahora_excluido, version) VALUES (94, 54, 'Lord', 'M', 2, 2, 165, NULL, true, true, true, NULL, 0);
INSERT INTO dog (id, dono_id, nome, sexo, raca_id, cidade_id, foto_perfil_id, descricao_perfil, tem_pedigree, interessa_cruzar, interessa_passear, datahora_excluido, version) VALUES (95, 28, 'Oscar', 'M', 2, 2, 166, NULL, false, true, true, NULL, 0);
INSERT INTO dog (id, dono_id, nome, sexo, raca_id, cidade_id, foto_perfil_id, descricao_perfil, tem_pedigree, interessa_cruzar, interessa_passear, datahora_excluido, version) VALUES (96, 13, 'Rebecca', 'F', 2, 1, 167, NULL, true, true, true, NULL, 0);



INSERT INTO foto_dogs ( dog_id, foto_id) VALUES ( 7, 27);
INSERT INTO foto_dogs ( dog_id, foto_id) VALUES ( 10, 28);
INSERT INTO foto_dogs ( dog_id, foto_id) VALUES ( 9, 29);
INSERT INTO foto_dogs ( dog_id, foto_id) VALUES ( 12, 32);
INSERT INTO foto_dogs ( dog_id, foto_id) VALUES ( 13, 35);
INSERT INTO foto_dogs ( dog_id, foto_id) VALUES ( 15, 40);
INSERT INTO foto_dogs ( dog_id, foto_id) VALUES ( 42, 112);
INSERT INTO foto_dogs ( dog_id, foto_id) VALUES ( 51, 122);






INSERT INTO match (id, dog1_id, dog2_id, datahora_dog1viu, datahora_dog2viu, datahora_dog1desistiu, datahora_dog2desistiu, datahora, version) VALUES (1, 1, 2, '2015-07-22 00:20:34.211763', '2015-07-21 04:09:08.199539', NULL, NULL, '2015-07-16 02:14:59.462296', 0);
INSERT INTO match (id, dog1_id, dog2_id, datahora_dog1viu, datahora_dog2viu, datahora_dog1desistiu, datahora_dog2desistiu, datahora, version) VALUES (2, 2, 4, '2015-07-21 04:07:47.875788', '2015-07-16 02:20:50.921514', '2015-07-21 04:08:07.233253', NULL, '2015-07-16 02:16:50.690899', 0);
INSERT INTO match (id, dog1_id, dog2_id, datahora_dog1viu, datahora_dog2viu, datahora_dog1desistiu, datahora_dog2desistiu, datahora, version) VALUES (3, 3, 5, '2015-07-16 02:28:04.049227', '2015-07-16 02:20:10.485215', NULL, NULL, '2015-07-16 02:19:29.168524', 0);
INSERT INTO match (id, dog1_id, dog2_id, datahora_dog1viu, datahora_dog2viu, datahora_dog1desistiu, datahora_dog2desistiu, datahora, version) VALUES (4, 8, 7, '2015-07-21 02:46:42.669414', '2015-08-05 02:17:16.527023', NULL, NULL, '2015-07-18 17:27:34.52282', 0);
INSERT INTO match (id, dog1_id, dog2_id, datahora_dog1viu, datahora_dog2viu, datahora_dog1desistiu, datahora_dog2desistiu, datahora, version) VALUES (5, 9, 7, '2015-07-18 18:01:16.723555', '2015-08-05 02:17:16.515036', NULL, NULL, '2015-07-18 17:42:11.431942', 0);


INSERT INTO curtida (id, dog_id, dog_alvo_id, curtiu, version) VALUES (1, 1, 2, true, 0);
INSERT INTO curtida (id, dog_id, dog_alvo_id, curtiu, version) VALUES (2, 2, 1, true, 0);
INSERT INTO curtida (id, dog_id, dog_alvo_id, curtiu, version) VALUES (3, 3, 1, false, 0);
INSERT INTO curtida (id, dog_id, dog_alvo_id, curtiu, version) VALUES (4, 2, 4, true, 0);
INSERT INTO curtida (id, dog_id, dog_alvo_id, curtiu, version) VALUES (5, 1, 4, true, 0);
INSERT INTO curtida (id, dog_id, dog_alvo_id, curtiu, version) VALUES (6, 4, 2, true, 0);
INSERT INTO curtida (id, dog_id, dog_alvo_id, curtiu, version) VALUES (7, 3, 5, true, 0);
INSERT INTO curtida (id, dog_id, dog_alvo_id, curtiu, version) VALUES (8, 2, 5, true, 0);
INSERT INTO curtida (id, dog_id, dog_alvo_id, curtiu, version) VALUES (9, 2, 3, true, 0);
INSERT INTO curtida (id, dog_id, dog_alvo_id, curtiu, version) VALUES (10, 5, 3, true, 0);
INSERT INTO curtida (id, dog_id, dog_alvo_id, curtiu, version) VALUES (11, 8, 7, true, 0);
INSERT INTO curtida (id, dog_id, dog_alvo_id, curtiu, version) VALUES (12, 7, 8, true, 0);
INSERT INTO curtida (id, dog_id, dog_alvo_id, curtiu, version) VALUES (13, 9, 7, true, 0);
INSERT INTO curtida (id, dog_id, dog_alvo_id, curtiu, version) VALUES (14, 7, 9, true, 0);
INSERT INTO curtida (id, dog_id, dog_alvo_id, curtiu, version) VALUES (15, 2, 11, false, 0);
INSERT INTO curtida (id, dog_id, dog_alvo_id, curtiu, version) VALUES (16, 1, 3, true, 0);
INSERT INTO curtida (id, dog_id, dog_alvo_id, curtiu, version) VALUES (17, 1, 11, true, 0);
INSERT INTO curtida (id, dog_id, dog_alvo_id, curtiu, version) VALUES (18, 28, 31, false, 0);
INSERT INTO curtida (id, dog_id, dog_alvo_id, curtiu, version) VALUES (19, 28, 34, false, 0);
INSERT INTO curtida (id, dog_id, dog_alvo_id, curtiu, version) VALUES (20, 28, 32, true, 0);
INSERT INTO curtida (id, dog_id, dog_alvo_id, curtiu, version) VALUES (21, 28, 24, false, 0);
INSERT INTO curtida (id, dog_id, dog_alvo_id, curtiu, version) VALUES (22, 28, 24, true, 0);
INSERT INTO curtida (id, dog_id, dog_alvo_id, curtiu, version) VALUES (23, 28, 24, true, 0);
INSERT INTO curtida (id, dog_id, dog_alvo_id, curtiu, version) VALUES (29, 10, 27, true, 0);
INSERT INTO curtida (id, dog_id, dog_alvo_id, curtiu, version) VALUES (30, 10, 71, true, 0);
INSERT INTO curtida (id, dog_id, dog_alvo_id, curtiu, version) VALUES (31, 10, 13, true, 0);
INSERT INTO curtida (id, dog_id, dog_alvo_id, curtiu, version) VALUES (32, 10, 28, true, 0);


INSERT INTO latida (id, match_id, de_dog_id, para_dog_id, mensagem, enviada_em, lida_em, version) VALUES (7, 2, 4, 2, 'Opa!', '2015-07-16 02:17:02.002771', NULL, 0);
INSERT INTO latida (id, match_id, de_dog_id, para_dog_id, mensagem, enviada_em, lida_em, version) VALUES (8, 2, 2, 4, 'Oi', '2015-07-16 02:17:38.723643', NULL, 0);
INSERT INTO latida (id, match_id, de_dog_id, para_dog_id, mensagem, enviada_em, lida_em, version) VALUES (9, 2, 4, 2, 'Poodles fêmeas modernas', '2015-07-16 02:17:59.125769', NULL, 0);
INSERT INTO latida (id, match_id, de_dog_id, para_dog_id, mensagem, enviada_em, lida_em, version) VALUES (10, 3, 5, 3, 'E ae', '2015-07-16 02:19:36.858148', NULL, 0);
INSERT INTO latida (id, match_id, de_dog_id, para_dog_id, mensagem, enviada_em, lida_em, version) VALUES (11, 3, 3, 5, 'Partiu', '2015-07-16 02:19:43.517405', NULL, 0);
INSERT INTO latida (id, match_id, de_dog_id, para_dog_id, mensagem, enviada_em, lida_em, version) VALUES (12, 3, 5, 3, 'Aqui é a Gisele Bunchen', '2015-07-16 02:19:47.088253', NULL, 0);
INSERT INTO latida (id, match_id, de_dog_id, para_dog_id, mensagem, enviada_em, lida_em, version) VALUES (13, 3, 3, 5, 'aham! Tô sabendo', '2015-07-16 02:19:56.393602', NULL, 0);
INSERT INTO latida (id, match_id, de_dog_id, para_dog_id, mensagem, enviada_em, lida_em, version) VALUES (14, 3, 5, 3, 'doido', '2015-07-16 02:20:03.130766', NULL, 0);
INSERT INTO latida (id, match_id, de_dog_id, para_dog_id, mensagem, enviada_em, lida_em, version) VALUES (15, 2, 4, 2, 'teste', '2015-07-16 02:21:04.688156', NULL, 0);
INSERT INTO latida (id, match_id, de_dog_id, para_dog_id, mensagem, enviada_em, lida_em, version) VALUES (21, 5, 7, 9, 'Oi Ana! A Nina é linda!!!', '2015-07-18 17:43:12.607961', NULL, 0);
INSERT INTO latida (id, match_id, de_dog_id, para_dog_id, mensagem, enviada_em, lida_em, version) VALUES (22, 4, 7, 8, 'Olá Elen!', '2015-07-18 17:43:24.526274', NULL, 0);
INSERT INTO latida (id, match_id, de_dog_id, para_dog_id, mensagem, enviada_em, lida_em, version) VALUES (23, 4, 7, 8, 'bela Border Collie você tem!', '2015-07-18 17:43:39.34609', NULL, 0);
INSERT INTO latida (id, match_id, de_dog_id, para_dog_id, mensagem, enviada_em, lida_em, version) VALUES (25, 4, 7, 8, ';)', '2015-07-21 03:16:51.81224', NULL, 0);
INSERT INTO latida (id, match_id, de_dog_id, para_dog_id, mensagem, enviada_em, lida_em, version) VALUES (1, 1, 1, 2, 'E ai artur', '2015-07-16 02:15:07.557962', '2015-07-21 04:09:03.492432', 0);
INSERT INTO latida (id, match_id, de_dog_id, para_dog_id, mensagem, enviada_em, lida_em, version) VALUES (3, 1, 1, 2, 'vamo bota os dog pra fode', '2015-07-16 02:15:26.93158', '2015-07-21 04:09:03.492432', 0);
INSERT INTO latida (id, match_id, de_dog_id, para_dog_id, mensagem, enviada_em, lida_em, version) VALUES (5, 1, 1, 2, 'Fecho!', '2015-07-16 02:15:41.05622', '2015-07-21 04:09:03.492432', 0);
INSERT INTO latida (id, match_id, de_dog_id, para_dog_id, mensagem, enviada_em, lida_em, version) VALUES (6, 1, 1, 2, 'Vai seferra', '2015-07-16 02:16:32.036411', '2015-07-21 04:09:03.492432', 0);
INSERT INTO latida (id, match_id, de_dog_id, para_dog_id, mensagem, enviada_em, lida_em, version) VALUES (16, 1, 1, 2, 'eh nois', '2015-07-16 02:21:10.846726', '2015-07-21 04:09:03.492432', 0);
INSERT INTO latida (id, match_id, de_dog_id, para_dog_id, mensagem, enviada_em, lida_em, version) VALUES (18, 1, 1, 2, 'eh nois', '2015-07-16 02:31:09.585288', '2015-07-21 04:09:03.492432', 0);
INSERT INTO latida (id, match_id, de_dog_id, para_dog_id, mensagem, enviada_em, lida_em, version) VALUES (2, 1, 2, 1, 'Oi Tiago...', '2015-07-16 02:15:16.786785', '2015-07-21 21:10:17.558167', 0);
INSERT INTO latida (id, match_id, de_dog_id, para_dog_id, mensagem, enviada_em, lida_em, version) VALUES (4, 1, 2, 1, 'Vamos levar nossos cachorrihos pra passear', '2015-07-16 02:15:35.059366', '2015-07-21 21:10:17.558167', 0);
INSERT INTO latida (id, match_id, de_dog_id, para_dog_id, mensagem, enviada_em, lida_em, version) VALUES (17, 1, 2, 1, 'uau', '2015-07-16 02:21:35.594492', '2015-07-21 21:10:17.558167', 0);
INSERT INTO latida (id, match_id, de_dog_id, para_dog_id, mensagem, enviada_em, lida_em, version) VALUES (19, 1, 2, 1, 'isso', '2015-07-16 02:35:36.634604', '2015-07-21 21:10:17.558167', 0);
INSERT INTO latida (id, match_id, de_dog_id, para_dog_id, mensagem, enviada_em, lida_em, version) VALUES (26, 1, 1, 2, 'ok', '2015-07-21 21:10:23.737549', NULL, 0);
INSERT INTO latida (id, match_id, de_dog_id, para_dog_id, mensagem, enviada_em, lida_em, version) VALUES (27, 1, 1, 2, 'roda', '2015-07-21 23:00:50.242472', NULL, 0);
INSERT INTO latida (id, match_id, de_dog_id, para_dog_id, mensagem, enviada_em, lida_em, version) VALUES (28, 6, 28, 23, 'E ae artur', '2015-07-22 00:53:33.026303', '2015-07-22 00:59:06.508877', 0);
INSERT INTO latida (id, match_id, de_dog_id, para_dog_id, mensagem, enviada_em, lida_em, version) VALUES (29, 6, 28, 23, 'Os cachorros são da mesma cor', '2015-07-22 00:53:49.31495', '2015-07-22 00:59:06.508877', 0);
INSERT INTO latida (id, match_id, de_dog_id, para_dog_id, mensagem, enviada_em, lida_em, version) VALUES (31, 7, 10, 98, 'Olá Quica', '2015-07-22 01:08:46.788109', '2015-07-22 01:08:51.301424', 0);
INSERT INTO latida (id, match_id, de_dog_id, para_dog_id, mensagem, enviada_em, lida_em, version) VALUES (32, 7, 98, 10, 'Olá Gisele', '2015-07-22 01:08:58.306003', '2015-07-22 01:09:00.7243', 0);
INSERT INTO latida (id, match_id, de_dog_id, para_dog_id, mensagem, enviada_em, lida_em, version) VALUES (33, 7, 98, 10, 'Vamos passear um dia desses?', '2015-07-22 01:09:12.320005', '2015-07-22 01:09:12.380081', 0);
INSERT INTO latida (id, match_id, de_dog_id, para_dog_id, mensagem, enviada_em, lida_em, version) VALUES (34, 7, 10, 98, 'claro... o ted vai adorar a Quica', '2015-07-22 01:09:27.560607', '2015-07-22 01:09:30.233506', 0);
INSERT INTO latida (id, match_id, de_dog_id, para_dog_id, mensagem, enviada_em, lida_em, version) VALUES (24, 4, 8, 7, 'Obrigada! São seus olhos hihi ;)', '2015-07-18 17:44:01.166892', '2015-07-23 03:40:36.906345', 0);
INSERT INTO latida (id, match_id, de_dog_id, para_dog_id, mensagem, enviada_em, lida_em, version) VALUES (20, 5, 9, 7, 'Olá Cláudio!', '2015-07-18 17:42:39.580624', '2015-08-05 02:17:29.541749', 0);
INSERT INTO latida (id, match_id, de_dog_id, para_dog_id, mensagem, enviada_em, lida_em, version) VALUES (30, 6, 23, 28, 'Sua cachorrinha está magrinha... será que ela vai aguentar brincar com o Mike ?', '2015-07-22 00:59:53.986872', '2015-08-12 01:02:27.844537', 0);



'\d*-\d*-\d* \d*:\d*:\d*\.\d*', '\d*-\d*-\d* \d*:\d*:\d*\.\d*'
